[
  {
    "value": "金融系",
    "synonyms": [
      "GYOUSYU",
      "銀行"
    ]
  },
  {
    "value": "メーカー",
    "synonyms": [
      "メーカー",
      "製造",
      "制作"
    ]
  },
  {
    "value": "保険",
    "synonyms": [
      "保険"
    ]
  },
  {
    "value": "受付",
    "synonyms": [
      "受付",
      "窓口"
    ]
  },
  {
    "value": "不動産",
    "synonyms": [
      "不動産",
      "宅建業",
      "宅地"
    ]
  },
  {
    "value": "教育",
    "synonyms": [
      "教育",
      "高校",
      "大学",
      "教える"
    ]
  },
  {
    "value": "IT",
    "synonyms": [
      "IT",
      "コンピュータ",
      "コンピュータ関連",
      "情報通信",
      "アイティー",
      "パソコン",
      "インターネット関連"
    ]
  }
]