[
  {
    "value": "研修",
    "synonyms": [
      "研修",
      "教育",
      "やり方",
      "10",
      "しゅう",
      "編集",
      "レッスン"
    ]
  },
  {
    "value": "コンサル",
    "synonyms": [
      "コンサル",
      "課題",
      "改善",
      "コンサルティング",
      "業務コンサル",
      "調査",
      "サル",
      "Sorry"
    ]
  },
  {
    "value": "開発",
    "synonyms": [
      "開発",
      "作成",
      "作る",
      "委託",
      "開発委託",
      "業務委託",
      "いたく",
      "作ってもらう"
    ]
  },
  {
    "value": "全部",
    "synonyms": [
      "全部",
      "全て",
      "すべて",
      "オール",
      "色々",
      "いろいろ",
      "普通",
      "一般的流れ",
      "みんな",
      "All"
    ]
  },
  {
    "value": "どれもない",
    "synonyms": [
      "どれもない",
      "興味ない",
      "全部ダメ",
      "いりません",
      "不要",
      "関係ない",
      "どれもダメ",
      "ナシング",
      "Nothing"
    ]
  }
]