[
  {
    "id": "9a919288-a980-49d3-9afd-8b5185d8166f",
    "data": [
      {
        "text": "ボケ",
        "alias": "HIYAKASHI",
        "meta": "@HIYAKASHI",
        "userDefined": true
      }
    ],
    "isTemplate": false,
    "count": 0
  },
  {
    "id": "cef4851a-42cc-4d2f-b939-ac8df84f3c43",
    "data": [
      {
        "text": "ユーチューバー",
        "alias": "HIYAKASHI",
        "meta": "@HIYAKASHI",
        "userDefined": true
      },
      {
        "text": "だよ",
        "userDefined": false
      }
    ],
    "isTemplate": false,
    "count": 0
  }
]