[
  {
    "id": "36397b3d-fba0-474a-86b7-421a2e998ca0",
    "data": [
      {
        "text": "もういいです",
        "userDefined": false
      }
    ],
    "isTemplate": false,
    "count": 0
  },
  {
    "id": "5c9933c8-a0cd-4a85-a181-036aabe9ff0a",
    "data": [
      {
        "text": "切りますね",
        "userDefined": false
      }
    ],
    "isTemplate": false,
    "count": 0
  },
  {
    "id": "a1702e94-747c-471f-98da-ca67803220d0",
    "data": [
      {
        "text": "もう、切りますよ",
        "userDefined": false
      }
    ],
    "isTemplate": false,
    "count": 0
  },
  {
    "id": "ee5664e7-6447-4df1-9a55-b93c3068edbf",
    "data": [
      {
        "text": "切らしてもらうで",
        "userDefined": false
      }
    ],
    "isTemplate": false,
    "count": 0
  }
]