[
  {
    "id": "4f4f8422-166a-4547-8b98-d7d973aa22b4",
    "data": [
      {
        "text": "SNS",
        "userDefined": false
      }
    ],
    "isTemplate": false,
    "count": 0
  },
  {
    "id": "0cbcfc01-87ee-466a-aeb1-71af685f308e",
    "data": [
      {
        "text": "LINE",
        "userDefined": false
      }
    ],
    "isTemplate": false,
    "count": 0
  },
  {
    "id": "3c95ad6d-c4fd-4b4f-8647-221851c25e5a",
    "data": [
      {
        "text": "ラインして",
        "userDefined": false
      }
    ],
    "isTemplate": false,
    "count": 1
  },
  {
    "id": "2d0d3649-0ffe-4ffd-86e3-f73bf1fba2ec",
    "data": [
      {
        "text": "ライン",
        "userDefined": false
      }
    ],
    "isTemplate": false,
    "count": 0
  }
]