[
  {
    "id": "4c52e032-bcbd-481f-a10e-34892dc4b32e",
    "data": [
      {
        "text": "ふざけるな",
        "userDefined": false
      }
    ],
    "isTemplate": false,
    "count": 0
  },
  {
    "id": "182fd244-18ad-4e5f-a2d8-fe143717080a",
    "data": [
      {
        "text": "無双",
        "userDefined": false
      }
    ],
    "isTemplate": false,
    "count": 0
  },
  {
    "id": "ea40796c-87f5-45d8-8b69-a05a4deb27a9",
    "data": [
      {
        "text": "夢想",
        "userDefined": false
      }
    ],
    "isTemplate": false,
    "count": 0
  },
  {
    "id": "1921f9da-bb74-482e-a000-77d91e2bc990",
    "data": [
      {
        "text": "うそお",
        "userDefined": false
      }
    ],
    "isTemplate": false,
    "count": 0
  },
  {
    "id": "c95b887f-d742-454c-9479-42fe2640ffb6",
    "data": [
      {
        "text": "嘘",
        "userDefined": false
      }
    ],
    "isTemplate": false,
    "count": 0
  },
  {
    "id": "5c1025b5-8603-4faa-ab02-e8158de6bc80",
    "data": [
      {
        "text": "使っとらん",
        "userDefined": false
      }
    ],
    "isTemplate": false,
    "count": 0
  },
  {
    "id": "c68c75bd-d5bf-48a4-a9ba-7668bc2452e1",
    "data": [
      {
        "text": "無料かと思ったけど",
        "userDefined": false
      }
    ],
    "isTemplate": false,
    "count": 0
  },
  {
    "id": "cabae7ed-0a10-4c28-84bb-48331327f53a",
    "data": [
      {
        "text": "使用したことない",
        "userDefined": false
      }
    ],
    "isTemplate": false,
    "count": 0
  },
  {
    "id": "88045a12-1c69-45e9-b391-129d3dff54da",
    "data": [
      {
        "text": "わかりません",
        "alias": "NOIDEA",
        "meta": "@NOIDEA",
        "userDefined": false
      }
    ],
    "isTemplate": false,
    "count": 0
  },
  {
    "id": "c308665a-a93c-4d1d-ab46-6b62f32a93ed",
    "data": [
      {
        "text": "記憶にない",
        "alias": "NOIDEA",
        "meta": "@NOIDEA",
        "userDefined": false
      }
    ],
    "isTemplate": false,
    "count": 0
  },
  {
    "id": "534d4951-2107-40a4-94b4-6bd9a70701d0",
    "data": [
      {
        "text": "やってない",
        "userDefined": false
      }
    ],
    "isTemplate": false,
    "count": 0
  },
  {
    "id": "b9ede704-6a7d-4330-8c7f-889afff9cc55",
    "data": [
      {
        "text": "記憶にありません",
        "userDefined": false
      }
    ],
    "isTemplate": false,
    "count": 1
  }
]