[
  {
    "id": "bfb69b09-2a7b-46f2-bf34-ef18f126c5b3",
    "data": [
      {
        "text": "どうすれば払えますか",
        "userDefined": false
      }
    ],
    "isTemplate": false,
    "count": 0
  },
  {
    "id": "5b6a6698-1346-4d13-8912-d05910687efe",
    "data": [
      {
        "text": "わかりました。",
        "userDefined": false
      }
    ],
    "isTemplate": false,
    "count": 0
  },
  {
    "id": "a9b5229d-aee5-4587-acba-c9935f6d05d9",
    "data": [
      {
        "text": "払います",
        "userDefined": false
      }
    ],
    "isTemplate": false,
    "count": 0
  },
  {
    "id": "749988fa-908b-4398-95dd-b025100c03ae",
    "data": [
      {
        "text": "どうすれば良いですか",
        "userDefined": false
      }
    ],
    "isTemplate": false,
    "count": 0
  },
  {
    "id": "db337edf-14a9-4a6c-99da-dbbce5a81b98",
    "data": [
      {
        "text": "支払います",
        "userDefined": false
      }
    ],
    "isTemplate": false,
    "count": 0
  }
]