[
  {
    "id": "91de8602-e26d-4941-b2c5-b58d133fd3b3",
    "data": [
      {
        "text": "変なメールが来たんですけど",
        "userDefined": false
      }
    ],
    "isTemplate": false,
    "count": 0
  },
  {
    "id": "db948b49-2255-44d3-8812-b99d6961dd93",
    "data": [
      {
        "text": "メールが来た",
        "userDefined": false
      }
    ],
    "isTemplate": false,
    "count": 0
  },
  {
    "id": "4cb7149c-32f5-42dc-8c6c-801cec7ff30e",
    "data": [
      {
        "text": "料金請求がきた",
        "userDefined": false
      }
    ],
    "isTemplate": false,
    "count": 0
  },
  {
    "id": "981de478-fd44-47b7-b650-f1fdc179b3ea",
    "data": [
      {
        "text": "督促が来た",
        "userDefined": false
      }
    ],
    "isTemplate": false,
    "count": 0
  }
]