[
  {
    "id": "402c9188-171a-41f9-84a7-9ed5e6e1d1c3",
    "data": [
      {
        "text": "鈴木",
        "alias": "last-name",
        "meta": "@sys.last-name",
        "userDefined": true
      },
      {
        "text": "と申します。",
        "userDefined": false
      }
    ],
    "isTemplate": false,
    "count": 0
  },
  {
    "id": "f87f5c43-dee3-4769-9ce3-391fd1976e3c",
    "data": [
      {
        "text": "鈴木",
        "alias": "last-name",
        "meta": "@sys.last-name",
        "userDefined": true
      },
      {
        "text": "やけど",
        "userDefined": false
      }
    ],
    "isTemplate": false,
    "count": 0
  },
  {
    "id": "9fdb907f-8669-40d9-81b3-8f080ba39b26",
    "data": [
      {
        "text": "鈴木",
        "alias": "last-name",
        "meta": "@sys.last-name",
        "userDefined": true
      },
      {
        "text": "と言います",
        "userDefined": false
      }
    ],
    "isTemplate": false,
    "count": 0
  },
  {
    "id": "d328dc34-9990-45a1-9024-c37c2cb55d22",
    "data": [
      {
        "text": "鈴木",
        "alias": "last-name",
        "meta": "@sys.last-name",
        "userDefined": true
      }
    ],
    "isTemplate": false,
    "count": 0
  },
  {
    "id": "b7510c08-6fda-4c0c-9144-11b1d4af7ca4",
    "data": [
      {
        "text": "鈴木",
        "alias": "last-name",
        "meta": "@sys.last-name",
        "userDefined": true
      },
      {
        "text": "です。",
        "userDefined": false
      }
    ],
    "isTemplate": false,
    "count": 0
  },
  {
    "id": "f7e31317-6c01-4930-8c52-1b35d647cd43",
    "data": [
      {
        "text": "鈴木",
        "alias": "last-name",
        "meta": "@sys.last-name",
        "userDefined": true
      },
      {
        "text": " ",
        "userDefined": false
      },
      {
        "text": "康夫",
        "alias": "first-name",
        "meta": "@sys.any",
        "userDefined": true
      },
      {
        "text": "で、",
        "userDefined": false
      },
      {
        "text": "100424455",
        "alias": "phone-number",
        "meta": "@sys.phone-number",
        "userDefined": false
      },
      {
        "text": "です",
        "userDefined": false
      }
    ],
    "isTemplate": false,
    "count": 0
  }
]