[
  {
    "id": "13ac148a-8d0d-4834-8a59-bb28d8e88b5e",
    "data": [
      {
        "text": "洗いません",
        "userDefined": false
      }
    ],
    "isTemplate": false,
    "count": 0
  },
  {
    "id": "b8924ccc-c179-4e69-92f4-c3fb76857708",
    "data": [
      {
        "text": "ノー",
        "userDefined": false
      }
    ],
    "isTemplate": false,
    "count": 0
  },
  {
    "id": "e643f663-6f00-4874-9100-df0700cb0349",
    "data": [
      {
        "text": "No",
        "userDefined": false
      }
    ],
    "isTemplate": false,
    "count": 0
  },
  {
    "id": "97377ef5-e922-42bc-bd71-522b8b4d017f",
    "data": [
      {
        "text": "いやです",
        "userDefined": false
      }
    ],
    "isTemplate": false,
    "count": 0
  },
  {
    "id": "98ebe207-c6c2-4685-a380-6e91188f20b8",
    "data": [
      {
        "text": "払いません",
        "userDefined": false
      }
    ],
    "isTemplate": false,
    "count": 0
  },
  {
    "id": "81a31da0-4a73-4964-b1bc-befcaeda52d7",
    "data": [
      {
        "text": "はらわないよー",
        "userDefined": false
      }
    ],
    "isTemplate": false,
    "count": 0
  },
  {
    "id": "0661cf1f-e8c9-4efe-90a2-204a9b67e72e",
    "data": [
      {
        "text": "カス",
        "userDefined": false
      }
    ],
    "isTemplate": false,
    "count": 0
  },
  {
    "id": "6d91f723-31c9-401e-9a19-b11749c7f84d",
    "data": [
      {
        "text": "ボケ",
        "alias": "HIYAKASHI",
        "meta": "@HIYAKASHI",
        "userDefined": false
      }
    ],
    "isTemplate": false,
    "count": 0
  },
  {
    "id": "14ffff62-a9c0-4d59-81cf-0f96648e3dab",
    "data": [
      {
        "text": "アホ",
        "alias": "HIYAKASHI",
        "meta": "@HIYAKASHI",
        "userDefined": false
      }
    ],
    "isTemplate": false,
    "count": 0
  },
  {
    "id": "070783b1-974b-4555-9182-dcdcd6a47ff2",
    "data": [
      {
        "text": "意味がわからない",
        "userDefined": false
      }
    ],
    "isTemplate": false,
    "count": 0
  },
  {
    "id": "b1bfd2a7-e510-4b26-951a-6efd1ea422bb",
    "data": [
      {
        "text": "何を言ってますか",
        "userDefined": false
      }
    ],
    "isTemplate": false,
    "count": 0
  },
  {
    "id": "4d39c641-825d-4bd0-9c87-791d19977e26",
    "data": [
      {
        "text": "支払わない",
        "userDefined": false
      }
    ],
    "isTemplate": false,
    "count": 0
  },
  {
    "id": "e7cf4a94-328e-4751-8fd3-e27c095e28be",
    "data": [
      {
        "text": "支払いません",
        "userDefined": false
      }
    ],
    "isTemplate": false,
    "count": 0
  },
  {
    "id": "46dcf35d-8d9c-4769-b9f1-860422adfc95",
    "data": [
      {
        "text": "いいえ",
        "userDefined": false
      }
    ],
    "isTemplate": false,
    "count": 0,
    "updated": 1497437556
  },
  {
    "id": "6ccae3b9-de09-4b79-9dbb-223e51091b40",
    "data": [
      {
        "text": "興味ない",
        "userDefined": false
      }
    ],
    "isTemplate": false,
    "count": 0,
    "updated": 1497437556
  },
  {
    "id": "618e4d11-1ce3-4949-ab54-6d8dcf89ad42",
    "data": [
      {
        "text": "同意しない",
        "userDefined": false
      }
    ],
    "isTemplate": false,
    "count": 0,
    "updated": 1497437556
  },
  {
    "id": "9cc9eda2-ddfb-4e41-93d2-a72107d75930",
    "data": [
      {
        "text": "やめとく",
        "userDefined": false
      }
    ],
    "isTemplate": false,
    "count": 0,
    "updated": 1497437556
  },
  {
    "id": "d99ae22f-cd5f-453e-a457-134c68fc5dfc",
    "data": [
      {
        "text": "いらない",
        "userDefined": false
      }
    ],
    "isTemplate": false,
    "count": 0,
    "updated": 1497437556
  },
  {
    "id": "b1c4f034-33f5-4863-a104-f66f16647534",
    "data": [
      {
        "text": "しないで",
        "userDefined": false
      }
    ],
    "isTemplate": false,
    "count": 1,
    "updated": 1497461737
  },
  {
    "id": "84f32374-f71d-4fb2-b0e2-ee9ead2a91d3",
    "data": [
      {
        "text": "結構です",
        "userDefined": false
      }
    ],
    "isTemplate": false,
    "count": 0
  },
  {
    "id": "2c2025fc-0bb1-4980-86a2-529f2061f8bc",
    "data": [
      {
        "text": "やりたくない",
        "userDefined": false
      }
    ],
    "isTemplate": false,
    "count": 0,
    "updated": 1497437556
  },
  {
    "id": "2b55995c-f018-41ad-8b5e-9b3dd3338db3",
    "data": [
      {
        "text": "やらない",
        "userDefined": false
      }
    ],
    "isTemplate": false,
    "count": 1,
    "updated": 1497437556
  },
  {
    "id": "761aeecd-3e12-4a61-b966-ababd1bea3e9",
    "data": [
      {
        "text": "やだ",
        "userDefined": false
      }
    ],
    "isTemplate": false,
    "count": 1,
    "updated": 1497437556
  }
]