[
  {
    "id": "fab929de-e62b-432a-b5d1-4b7c9b8f6766",
    "data": [
      {
        "text": "ふざけるな",
        "userDefined": false
      }
    ],
    "isTemplate": false,
    "count": 0
  },
  {
    "id": "820a1013-c1a4-4d44-8246-7479e96b36c5",
    "data": [
      {
        "text": "死ね",
        "userDefined": false
      }
    ],
    "isTemplate": false,
    "count": 0
  },
  {
    "id": "efa523f7-de7a-4e4f-9fa3-3dc86a1b00c5",
    "data": [
      {
        "text": "カス",
        "userDefined": false
      }
    ],
    "isTemplate": false,
    "count": 0
  },
  {
    "id": "452c419f-526b-4722-b3cc-a07c8250d002",
    "data": [
      {
        "text": "ハゲ",
        "userDefined": false
      }
    ],
    "isTemplate": false,
    "count": 0
  },
  {
    "id": "4ced7024-9ef8-4bba-a851-12343e433fac",
    "data": [
      {
        "text": "ボケ",
        "userDefined": false
      }
    ],
    "isTemplate": false,
    "count": 0
  },
  {
    "id": "150a915e-07a2-4387-810e-a30cf857c34a",
    "data": [
      {
        "text": "アホ",
        "userDefined": false
      }
    ],
    "isTemplate": false,
    "count": 0
  },
  {
    "id": "33758fd1-dd00-4b67-98bc-296ba713c5fa",
    "data": [
      {
        "text": "バカ",
        "userDefined": false
      }
    ],
    "isTemplate": false,
    "count": 0
  }
]