[
  {
    "id": "efb700f3-7ba3-41f2-ab42-c0835c296e5a",
    "data": [
      {
        "text": "高い",
        "userDefined": false
      }
    ],
    "isTemplate": false,
    "count": 0
  },
  {
    "id": "aafd7358-bb5e-492f-80f9-50250c6563ad",
    "data": [
      {
        "text": "たかー",
        "userDefined": false
      }
    ],
    "isTemplate": false,
    "count": 0
  },
  {
    "id": "8f1402e9-a87a-49fd-bdb8-e1157fb1300a",
    "data": [
      {
        "text": "たけし",
        "userDefined": false
      }
    ],
    "isTemplate": false,
    "count": 0
  },
  {
    "id": "0228abc6-f20f-42d9-a6cd-5e41a1abd8ba",
    "data": [
      {
        "text": "竹",
        "userDefined": false
      }
    ],
    "isTemplate": false,
    "count": 1
  },
  {
    "id": "7b909389-9f42-48eb-914e-d00b1475be4f",
    "data": [
      {
        "text": "Take",
        "userDefined": false
      }
    ],
    "isTemplate": false,
    "count": 0
  },
  {
    "id": "e95dbab4-2089-42e6-9ddf-51014f85a2b0",
    "data": [
      {
        "text": "もう少し割引ない",
        "userDefined": false
      }
    ],
    "isTemplate": false,
    "count": 0
  },
  {
    "id": "5656f0a6-981f-4f58-84bb-39b85182eb8a",
    "data": [
      {
        "text": "何とかならない",
        "userDefined": false
      }
    ],
    "isTemplate": false,
    "count": 0
  },
  {
    "id": "3fcf9af0-6d16-44f8-bf82-05f30d25b6ce",
    "data": [
      {
        "text": "頼むよ",
        "userDefined": false
      }
    ],
    "isTemplate": false,
    "count": 0
  },
  {
    "id": "4b7cdec3-57b1-4149-bb81-808ab7dbf7de",
    "data": [
      {
        "text": "予算不足",
        "userDefined": false
      }
    ],
    "isTemplate": false,
    "count": 0
  },
  {
    "id": "ea172188-5925-4e70-9517-b6f97684799c",
    "data": [
      {
        "text": "予算に合わない",
        "userDefined": false
      }
    ],
    "isTemplate": false,
    "count": 0
  },
  {
    "id": "69b1e53f-12c6-4875-a04e-f950f0e301a3",
    "data": [
      {
        "text": "手が届きません",
        "userDefined": false
      }
    ],
    "isTemplate": false,
    "count": 0
  },
  {
    "id": "419006a6-81cf-4df5-bfde-2b480de0c761",
    "data": [
      {
        "text": "高すぎ",
        "userDefined": false
      }
    ],
    "isTemplate": false,
    "count": 0
  },
  {
    "id": "07e6b50b-e3d1-4a99-940b-5cb36a5a461e",
    "data": [
      {
        "text": "値引き",
        "userDefined": false
      }
    ],
    "isTemplate": false,
    "count": 0
  },
  {
    "id": "921ee7b0-c0d7-4393-809d-dac53d8c3cac",
    "data": [
      {
        "text": "特別",
        "userDefined": false
      },
      {
        "text": "価格",
        "alias": "PRICE",
        "meta": "@PRICE",
        "userDefined": false
      }
    ],
    "isTemplate": false,
    "count": 0
  },
  {
    "id": "100c9228-4ca1-4463-9743-71a5672550b2",
    "data": [
      {
        "text": "キャンペーン",
        "userDefined": false
      }
    ],
    "isTemplate": false,
    "count": 0
  },
  {
    "id": "9554ac2c-c946-4818-bb0b-5c880c509344",
    "data": [
      {
        "text": "割引",
        "userDefined": false
      }
    ],
    "isTemplate": false,
    "count": 0
  },
  {
    "id": "984aeca6-135a-4285-b489-d690ab7db4b8",
    "data": [
      {
        "text": "discount",
        "userDefined": false
      }
    ],
    "isTemplate": false,
    "count": 1
  },
  {
    "id": "5f207ef8-8958-4a49-99d7-f1596f2ededb",
    "data": [
      {
        "text": "何とかなりませんか",
        "userDefined": false
      }
    ],
    "isTemplate": false,
    "count": 0
  },
  {
    "id": "da4bac78-3e84-4245-ab41-a1661a6c72bc",
    "data": [
      {
        "text": "ボッタクリ",
        "userDefined": false
      }
    ],
    "isTemplate": false,
    "count": 0
  },
  {
    "id": "af578130-c78b-4886-9e79-e6e9dd2e663c",
    "data": [
      {
        "text": "たけー",
        "userDefined": false
      }
    ],
    "isTemplate": false,
    "count": 0
  },
  {
    "id": "b530a370-65dc-4a98-90a7-3770a0b6f019",
    "data": [
      {
        "text": "お金ないです",
        "userDefined": false
      }
    ],
    "isTemplate": false,
    "count": 0
  },
  {
    "id": "0a3d1e21-51ff-4112-8cc3-8b2e9070062d",
    "data": [
      {
        "text": "安く",
        "userDefined": false
      }
    ],
    "isTemplate": false,
    "count": 0
  },
  {
    "id": "7491cd88-5db8-421b-bcde-81ab69b88e1a",
    "data": [
      {
        "text": "もう少し安く",
        "userDefined": false
      }
    ],
    "isTemplate": false,
    "count": 1
  }
]