[
  {
    "id": "6b54ca5b-00c9-4823-b7f3-dfacae52552f",
    "data": [
      {
        "text": "またねー",
        "userDefined": false
      }
    ],
    "isTemplate": false,
    "count": 0
  },
  {
    "id": "b98c236a-0d6b-4b80-81f3-2b44ba806548",
    "data": [
      {
        "text": "Good BY",
        "userDefined": false
      }
    ],
    "isTemplate": false,
    "count": 0
  },
  {
    "id": "2e9ea9ec-1eb8-469b-950d-be864b1cec3c",
    "data": [
      {
        "text": "グッバイ",
        "userDefined": false
      }
    ],
    "isTemplate": false,
    "count": 0
  },
  {
    "id": "3bcda9b4-ca50-471e-b32c-72ce5eb4e1b6",
    "data": [
      {
        "text": "もう切る",
        "userDefined": false
      }
    ],
    "isTemplate": false,
    "count": 0
  },
  {
    "id": "ac2c3b07-93d3-4d7a-bebf-ed303694d838",
    "data": [
      {
        "text": "さよなら",
        "userDefined": false
      }
    ],
    "isTemplate": false,
    "count": 0
  }
]