[
  {
    "id": "8583ab43-3ea1-4d23-8707-727547d9da74",
    "data": [
      {
        "text": "鈴木",
        "alias": "last-name",
        "meta": "@sys.last-name",
        "userDefined": true
      },
      {
        "text": "と言います",
        "userDefined": false
      }
    ],
    "isTemplate": false,
    "count": 0
  },
  {
    "id": "ca5e0a4d-98db-4e41-8f14-784f5c2de055",
    "data": [
      {
        "text": "鈴木",
        "alias": "last-name",
        "meta": "@sys.last-name",
        "userDefined": true
      }
    ],
    "isTemplate": false,
    "count": 0
  },
  {
    "id": "6a0f0de3-c7a7-4a92-bf25-a68581f2f418",
    "data": [
      {
        "text": "鈴木",
        "alias": "last-name",
        "meta": "@sys.last-name",
        "userDefined": true
      },
      {
        "text": "で、業種は",
        "userDefined": false
      },
      {
        "text": "製造",
        "alias": "GYOUSYU",
        "meta": "@GYOUSYU",
        "userDefined": false
      },
      {
        "text": "です。",
        "userDefined": false
      }
    ],
    "isTemplate": false,
    "count": 0
  },
  {
    "id": "7ed2627e-a17a-4dcc-b3d4-e87c438dde46",
    "data": [
      {
        "text": "業種は",
        "userDefined": false
      },
      {
        "text": "金融系",
        "alias": "GYOUSYU",
        "meta": "@GYOUSYU",
        "userDefined": true
      },
      {
        "text": "です",
        "userDefined": false
      }
    ],
    "isTemplate": false,
    "count": 0
  },
  {
    "id": "0b4d69a9-fceb-4891-baa2-a6ada01bc9a3",
    "data": [
      {
        "text": "鈴木",
        "alias": "last-name",
        "meta": "@sys.last-name",
        "userDefined": true
      },
      {
        "text": "です。",
        "userDefined": false
      }
    ],
    "isTemplate": false,
    "count": 0
  },
  {
    "id": "49086eec-0988-44e7-8713-50515852bd41",
    "data": [
      {
        "text": "鈴木",
        "alias": "last-name",
        "meta": "@sys.last-name",
        "userDefined": true
      },
      {
        "text": "と申します。",
        "userDefined": false
      }
    ],
    "isTemplate": false,
    "count": 0
  }
]