[
  {
    "id": "74ba3ab3-19fa-4025-885d-bd1262fa7995",
    "data": [
      {
        "text": "1",
        "alias": "time",
        "meta": "@sys.time",
        "userDefined": false
      },
      {
        "text": "度目",
        "userDefined": false
      }
    ],
    "isTemplate": false,
    "count": 0
  },
  {
    "id": "116764d0-3188-47ef-84dd-2fceeb3aa6af",
    "data": [
      {
        "text": "お初",
        "userDefined": false
      }
    ],
    "isTemplate": false,
    "count": 0
  },
  {
    "id": "e0cca435-f88d-41ab-bac3-fa272f280e5c",
    "data": [
      {
        "text": "はじめて電話します。",
        "userDefined": false
      }
    ],
    "isTemplate": false,
    "count": 0
  },
  {
    "id": "35cfa9af-2539-4b0d-ae71-61e1bf30b88d",
    "data": [
      {
        "text": "初めまして",
        "userDefined": false
      }
    ],
    "isTemplate": false,
    "count": 0
  }
]