[
  {
    "id": "dc61dd44-1961-49cf-a487-3252616df593",
    "data": [
      {
        "text": "おいくらマン円",
        "userDefined": false
      }
    ],
    "isTemplate": false,
    "count": 0
  },
  {
    "id": "c00b7b0b-c00a-4b22-be13-cb4c8d350d8b",
    "data": [
      {
        "text": "価格",
        "alias": "PRICE",
        "meta": "@PRICE",
        "userDefined": true
      },
      {
        "text": "は？",
        "userDefined": false
      }
    ],
    "isTemplate": false,
    "count": 0
  },
  {
    "id": "29bd4a50-26ce-4a0b-a146-66c250c3342a",
    "data": [
      {
        "text": "値段",
        "alias": "PRICE",
        "meta": "@PRICE",
        "userDefined": true
      },
      {
        "text": "は？",
        "userDefined": false
      }
    ],
    "isTemplate": false,
    "count": 0
  },
  {
    "id": "d37cecc7-b788-41bb-8479-158795281ef8",
    "data": [
      {
        "text": "いくら",
        "alias": "PRICE",
        "meta": "@PRICE",
        "userDefined": true
      },
      {
        "text": "でしょうか？",
        "userDefined": false
      }
    ],
    "isTemplate": false,
    "count": 0
  }
]