[
  {
    "id": "44e10f04-9c4d-48a8-a2f4-e1c8f2f9cc4b",
    "data": [
      {
        "text": "ちょっと",
        "userDefined": false
      },
      {
        "text": "研修",
        "alias": "SERVICEMENU",
        "meta": "@SERVICEMENU",
        "userDefined": false
      },
      {
        "text": "について",
        "userDefined": false
      },
      {
        "text": "教えて",
        "alias": "SERVICEMENU1",
        "meta": "@SERVICEMENU",
        "userDefined": false
      }
    ],
    "isTemplate": false,
    "count": 0
  },
  {
    "id": "25a292cc-39e4-4cac-8297-f6ca4de5f2bb",
    "data": [
      {
        "text": "おんしゃの",
        "userDefined": false
      },
      {
        "text": "開発",
        "alias": "SERVICEMENU",
        "meta": "@SERVICEMENU",
        "userDefined": false
      }
    ],
    "isTemplate": false,
    "count": 0
  },
  {
    "id": "7f50eae1-483b-49b8-832b-c068847960b6",
    "data": [
      {
        "text": "あなたの会社の",
        "userDefined": false
      },
      {
        "text": "開発",
        "alias": "SERVICEMENU",
        "meta": "@SERVICEMENU",
        "userDefined": false
      },
      {
        "text": "について",
        "userDefined": false
      },
      {
        "text": "教えて",
        "meta": "@sys.ignore",
        "userDefined": false
      },
      {
        "text": "欲しい",
        "userDefined": false
      }
    ],
    "isTemplate": false,
    "count": 0
  },
  {
    "id": "3823a97f-d4c4-4123-90d4-fad876d2f166",
    "data": [
      {
        "text": "御社の",
        "userDefined": false
      },
      {
        "text": "開発",
        "alias": "SERVICEMENU",
        "meta": "@SERVICEMENU",
        "userDefined": false
      },
      {
        "text": "について知りたい",
        "userDefined": false
      }
    ],
    "isTemplate": false,
    "count": 0
  },
  {
    "id": "03c393a6-872c-46ed-86db-2f76b3066a24",
    "data": [
      {
        "text": "開発",
        "alias": "SERVICEMENU",
        "meta": "@SERVICEMENU",
        "userDefined": false
      },
      {
        "text": "について詳しく知りたい",
        "userDefined": false
      }
    ],
    "isTemplate": false,
    "count": 0
  },
  {
    "id": "ebc9b8e0-3119-42fa-a9c6-78287e1e0c59",
    "data": [
      {
        "text": "開発",
        "alias": "SERVICEMENU",
        "meta": "@SERVICEMENU",
        "userDefined": false
      },
      {
        "text": "について知りたい",
        "userDefined": false
      }
    ],
    "isTemplate": false,
    "count": 0
  },
  {
    "id": "395313fa-ca87-4ef2-a3d5-f16de7513dfc",
    "data": [
      {
        "text": "開発",
        "alias": "SERVICEMENU",
        "meta": "@SERVICEMENU",
        "userDefined": false
      },
      {
        "text": "で",
        "userDefined": false
      }
    ],
    "isTemplate": false,
    "count": 0
  },
  {
    "id": "a8001203-8486-4336-a600-c1ce9e90aecd",
    "data": [
      {
        "text": "開発",
        "alias": "SERVICEMENU",
        "meta": "@SERVICEMENU",
        "userDefined": false
      },
      {
        "text": "をして欲しい",
        "userDefined": false
      }
    ],
    "isTemplate": false,
    "count": 0
  },
  {
    "id": "6935921c-1c98-4c97-83af-e97c63d49757",
    "data": [
      {
        "text": "開発",
        "alias": "SERVICEMENU",
        "meta": "@SERVICEMENU",
        "userDefined": false
      },
      {
        "text": "をお願いしたい",
        "userDefined": false
      }
    ],
    "isTemplate": false,
    "count": 0
  },
  {
    "id": "6ab9597a-a189-4f77-bcf9-b5992d97c4c7",
    "data": [
      {
        "text": "開発",
        "alias": "SERVICEMENU",
        "meta": "@SERVICEMENU",
        "userDefined": false
      }
    ],
    "isTemplate": false,
    "count": 0
  },
  {
    "id": "1f4b85f7-3a3d-4d7b-9604-c1b23dd1ec2f",
    "data": [
      {
        "text": "開発",
        "alias": "SERVICEMENU",
        "meta": "@SERVICEMENU",
        "userDefined": false
      },
      {
        "text": "に興味があります。",
        "userDefined": false
      }
    ],
    "isTemplate": false,
    "count": 0
  }
]