[
  {
    "id": "d68ce3ea-3816-4be9-888d-ab0810c5c479",
    "data": [
      {
        "text": "My Name is ",
        "userDefined": false
      },
      {
        "text": "suzuki",
        "alias": "your_name",
        "meta": "@sys.last-name",
        "userDefined": true
      }
    ],
    "isTemplate": false,
    "count": 0
  },
  {
    "id": "f45846fa-aa8f-4939-915a-b0949740d55e",
    "data": [
      {
        "text": "私の名前は",
        "userDefined": false
      },
      {
        "text": "鈴木",
        "alias": "your_name",
        "meta": "@sys.last-name",
        "userDefined": true
      },
      {
        "text": "です。",
        "userDefined": false
      }
    ],
    "isTemplate": false,
    "count": 0
  },
  {
    "id": "3db4b622-a914-4519-ac93-bcffa244938e",
    "data": [
      {
        "text": "おれ",
        "userDefined": false
      },
      {
        "text": "鈴木",
        "alias": "your_name",
        "meta": "@sys.last-name",
        "userDefined": true
      }
    ],
    "isTemplate": false,
    "count": 0
  },
  {
    "id": "69f27402-ae95-4208-b49b-dc0192228410",
    "data": [
      {
        "text": "鈴木",
        "alias": "your_name",
        "meta": "@sys.last-name",
        "userDefined": true
      },
      {
        "text": "です",
        "userDefined": false
      }
    ],
    "isTemplate": false,
    "count": 0
  },
  {
    "id": "77e01e04-4af9-4b50-9a8e-10d5eedca5df",
    "data": [
      {
        "text": "株式会社の",
        "userDefined": false
      },
      {
        "text": "鈴木",
        "alias": "your_name",
        "meta": "@sys.last-name",
        "userDefined": true
      },
      {
        "text": "です。",
        "userDefined": false
      }
    ],
    "isTemplate": false,
    "count": 0
  }
]