[
  {
    "id": "26b33450-54aa-4e44-b2f7-fe5124202ac5",
    "data": [
      {
        "text": "ご謙遜を",
        "userDefined": false
      }
    ],
    "isTemplate": false,
    "count": 0
  },
  {
    "id": "dc62dfd9-f30d-4b54-935b-b2988cc6140f",
    "data": [
      {
        "text": "やるじゃねえか",
        "userDefined": false
      }
    ],
    "isTemplate": false,
    "count": 0
  },
  {
    "id": "9b0213f5-1c4e-4124-8e4d-364840b47a5a",
    "data": [
      {
        "text": "へー大したもんだ",
        "userDefined": false
      }
    ],
    "isTemplate": false,
    "count": 0
  },
  {
    "id": "d0944a8b-2c7d-44dd-835f-494afb31e0ab",
    "data": [
      {
        "text": "へーすごいね",
        "userDefined": false
      }
    ],
    "isTemplate": false,
    "count": 0
  },
  {
    "id": "cf0c9832-4488-4853-8ad6-16030b66f162",
    "data": [
      {
        "text": "へーなるほど",
        "userDefined": false
      }
    ],
    "isTemplate": false,
    "count": 0
  },
  {
    "id": "6fdf4007-c422-4313-b6b6-e37c3579d350",
    "data": [
      {
        "text": "ご立派",
        "userDefined": false
      }
    ],
    "isTemplate": false,
    "count": 0
  },
  {
    "id": "28227b1c-42fc-42e7-92af-d183180786ad",
    "data": [
      {
        "text": "すごいね",
        "userDefined": false
      }
    ],
    "isTemplate": false,
    "count": 0
  },
  {
    "id": "be6993e2-ec68-4309-af31-9ae71ac624a9",
    "data": [
      {
        "text": "素晴らしいですね",
        "userDefined": false
      }
    ],
    "isTemplate": false,
    "count": 0
  },
  {
    "id": "8851c742-23d1-46e1-94a6-89d5445036c2",
    "data": [
      {
        "text": "なるほど",
        "userDefined": false
      }
    ],
    "isTemplate": false,
    "count": 0
  },
  {
    "id": "c49187fa-77b6-4ab4-9202-4c7150187d5f",
    "data": [
      {
        "text": "オッケー",
        "userDefined": false
      }
    ],
    "isTemplate": false,
    "count": 0
  },
  {
    "id": "b55d4254-e2f0-4074-acc6-16d98a59faf1",
    "data": [
      {
        "text": "いいですね。",
        "userDefined": false
      }
    ],
    "isTemplate": false,
    "count": 0
  },
  {
    "id": "18f3e4ee-cae9-44bb-bafb-6698136ae5d6",
    "data": [
      {
        "text": "了解しました",
        "userDefined": false
      }
    ],
    "isTemplate": false,
    "count": 0
  },
  {
    "id": "ac03246b-2224-4f27-ace6-9413708d2917",
    "data": [
      {
        "text": "わかりました",
        "userDefined": false
      }
    ],
    "isTemplate": false,
    "count": 0
  }
]