[
  {
    "id": "a8eabbf2-8722-479f-bca4-dfc1d2fd7f86",
    "data": [
      {
        "text": "話にならん",
        "userDefined": false
      }
    ],
    "isTemplate": false,
    "count": 0
  },
  {
    "id": "d3b37bd8-d60b-4dcf-bbf4-97cb0b244522",
    "data": [
      {
        "text": "話にならない",
        "userDefined": false
      }
    ],
    "isTemplate": false,
    "count": 0
  },
  {
    "id": "144012d7-fb7a-4bef-a417-d1b2da317237",
    "data": [
      {
        "text": "お前はもういい",
        "userDefined": false
      }
    ],
    "isTemplate": false,
    "count": 0
  },
  {
    "id": "df2b94f9-f381-4251-804c-40d9c954fb4a",
    "data": [
      {
        "text": "担当者につないで",
        "userDefined": false
      }
    ],
    "isTemplate": false,
    "count": 0
  },
  {
    "id": "ec4c47d0-bf02-43ae-9f98-231b27de949e",
    "data": [
      {
        "text": "代われ",
        "userDefined": false
      }
    ],
    "isTemplate": false,
    "count": 0
  },
  {
    "id": "175776dd-5007-435c-877f-d2783a27dadb",
    "data": [
      {
        "text": "代わって",
        "userDefined": false
      }
    ],
    "isTemplate": false,
    "count": 0
  },
  {
    "id": "da08dc5d-59df-46bc-ba87-7141901cfb6b",
    "data": [
      {
        "text": "変わって",
        "userDefined": false
      }
    ],
    "isTemplate": false,
    "count": 0
  },
  {
    "id": "caa60b43-6af2-47e8-9e38-5f93cfbabe2c",
    "data": [
      {
        "text": "ロボット以外と話したい",
        "userDefined": false
      }
    ],
    "isTemplate": false,
    "count": 0
  },
  {
    "id": "b8e87c61-8ac2-48c8-8e83-61dae8f9b185",
    "data": [
      {
        "text": "人に転送して",
        "userDefined": false
      }
    ],
    "isTemplate": false,
    "count": 0
  },
  {
    "id": "146d6041-4f43-4783-a14c-f2bdbda3e08e",
    "data": [
      {
        "text": "イライラする",
        "userDefined": false
      }
    ],
    "isTemplate": false,
    "count": 0
  },
  {
    "id": "1932f3cf-2938-4ad0-aeae-88cec3882b51",
    "data": [
      {
        "text": "人間に繋いで",
        "userDefined": false
      }
    ],
    "isTemplate": false,
    "count": 0
  }
]