[
  {
    "id": "76f568a0-d8df-4077-b1bb-4616e3a5f386",
    "data": [
      {
        "text": "見たよ",
        "userDefined": false
      }
    ],
    "isTemplate": false,
    "count": 0
  },
  {
    "id": "aacfe413-88aa-423e-9b92-4e28dcf0b862",
    "data": [
      {
        "text": "もう知ってる",
        "userDefined": false
      }
    ],
    "isTemplate": false,
    "count": 0
  },
  {
    "id": "81ddcd87-f253-4830-a64b-a488e522dd7a",
    "data": [
      {
        "text": "もう見た",
        "userDefined": false
      }
    ],
    "isTemplate": false,
    "count": 0
  },
  {
    "id": "fe0afc36-9b8c-40e1-a485-9f42c08733e8",
    "data": [
      {
        "text": "見てる",
        "userDefined": false
      }
    ],
    "isTemplate": false,
    "count": 0
  },
  {
    "id": "b63db122-f7ef-49e4-b000-bdc47aa2bece",
    "data": [
      {
        "text": "うん",
        "userDefined": false
      }
    ],
    "isTemplate": false,
    "count": 0
  },
  {
    "id": "10236754-b194-4a00-bd9a-95cf1426c065",
    "data": [
      {
        "text": "はい",
        "userDefined": false
      }
    ],
    "isTemplate": false,
    "count": 2,
    "updated": 1497437558
  },
  {
    "id": "6ac8990c-5e7c-4159-b759-42cf9e1eb40b",
    "data": [
      {
        "text": "Yes",
        "userDefined": false
      }
    ],
    "isTemplate": false,
    "count": 0
  },
  {
    "id": "e57f6ba3-3dae-4702-96b7-51e229b8cf4b",
    "data": [
      {
        "text": "イエス",
        "userDefined": false
      }
    ],
    "isTemplate": false,
    "count": 1
  },
  {
    "id": "002ef889-0f69-4969-86fe-d8c841591197",
    "data": [
      {
        "text": "知ってます",
        "userDefined": false
      }
    ],
    "isTemplate": false,
    "count": 0
  },
  {
    "id": "1989f3c5-0b8c-4952-b8fa-ff66064b64d8",
    "data": [
      {
        "text": "見た",
        "userDefined": false
      }
    ],
    "isTemplate": false,
    "count": 0
  },
  {
    "id": "3e39ccd2-825f-4385-897d-4587b8e3fbc9",
    "data": [
      {
        "text": "見ました",
        "userDefined": false
      }
    ],
    "isTemplate": false,
    "count": 0
  },
  {
    "id": "95cf2990-cb95-4604-8d95-acb1ecabc73d",
    "data": [
      {
        "text": "そうする",
        "userDefined": false
      }
    ],
    "isTemplate": false,
    "count": 0,
    "updated": 1497437558
  },
  {
    "id": "f6a30dc8-1e79-411c-a639-22bd405a3c68",
    "data": [
      {
        "text": "もちろん",
        "userDefined": false
      }
    ],
    "isTemplate": false,
    "count": 1,
    "updated": 1497437558
  },
  {
    "id": "472352d9-7500-45a1-a036-01d037ccfc36",
    "data": [
      {
        "text": "賛成です",
        "userDefined": false
      }
    ],
    "isTemplate": false,
    "count": 1,
    "updated": 1497463322
  },
  {
    "id": "e1761c7a-eb63-4a73-9e41-256c985eecef",
    "data": [
      {
        "text": "やって",
        "userDefined": false
      }
    ],
    "isTemplate": false,
    "count": 2,
    "updated": 1497437558
  },
  {
    "id": "cf2de089-e505-4690-805a-bc7a080bbc06",
    "data": [
      {
        "text": "そのとおり",
        "userDefined": false
      }
    ],
    "isTemplate": false,
    "count": 1,
    "updated": 1497437558
  },
  {
    "id": "4988ca96-8234-47ea-897c-c36cbef59e95",
    "data": [
      {
        "text": "同意します",
        "userDefined": false
      }
    ],
    "isTemplate": false,
    "count": 3,
    "updated": 1497463322
  },
  {
    "id": "cea232a2-88f8-4372-91b4-cd32beaa22b0",
    "data": [
      {
        "text": "いいよ",
        "userDefined": false
      }
    ],
    "isTemplate": false,
    "count": 1,
    "updated": 1497437558
  },
  {
    "id": "e80803be-9ac4-4109-bfb0-f43554ec76c6",
    "data": [
      {
        "text": "そうだね",
        "userDefined": false
      }
    ],
    "isTemplate": false,
    "count": 1,
    "updated": 1497437558
  },
  {
    "id": "bdcbcb90-7c07-45af-b2f2-90d24f367fbf",
    "data": [
      {
        "text": "そうしよう",
        "userDefined": false
      }
    ],
    "isTemplate": false,
    "count": 1,
    "updated": 1497437558
  }
]