[
  {
    "id": "b73d3dde-166a-45bf-a048-291a88a003cc",
    "data": [
      {
        "text": "御社の売りは何ですか？",
        "userDefined": false
      }
    ],
    "isTemplate": false,
    "count": 0
  },
  {
    "id": "fd90d002-41f8-4b5f-9c3a-89f4f553bfe2",
    "data": [
      {
        "text": "御社のどこがすごいですか",
        "userDefined": false
      }
    ],
    "isTemplate": false,
    "count": 0
  },
  {
    "id": "f5b21219-baab-4b46-b386-f6cad9e37252",
    "data": [
      {
        "text": "御社のメリットは",
        "userDefined": false
      }
    ],
    "isTemplate": false,
    "count": 0
  },
  {
    "id": "4cb6ce24-385c-4a47-91f4-d5379e1ff65e",
    "data": [
      {
        "text": "強みは何ですか",
        "userDefined": false
      }
    ],
    "isTemplate": false,
    "count": 0
  }
]