[
  {
    "id": "b719e179-cf26-4ffe-82a0-8637ac80521f",
    "data": [
      {
        "text": "しらん",
        "userDefined": false
      }
    ],
    "isTemplate": false,
    "count": 0
  },
  {
    "id": "50a9b09b-2b75-48f7-831f-ccc7865e8661",
    "data": [
      {
        "text": "いえ",
        "userDefined": false
      }
    ],
    "isTemplate": false,
    "count": 0
  },
  {
    "id": "796fe7c6-3bd1-4caa-8a66-5bd70f565bfa",
    "data": [
      {
        "text": "まだ",
        "userDefined": false
      }
    ],
    "isTemplate": false,
    "count": 0
  },
  {
    "id": "3d13b653-3068-4f8e-8e51-b180ccaf82ec",
    "data": [
      {
        "text": "まだです。",
        "userDefined": false
      }
    ],
    "isTemplate": false,
    "count": 0
  },
  {
    "id": "d625561f-2ca7-46bf-836b-3dba002ddfb7",
    "data": [
      {
        "text": "No",
        "userDefined": false
      }
    ],
    "isTemplate": false,
    "count": 0
  },
  {
    "id": "5396e705-4861-4fd6-b86f-cd8e9e1fc8d7",
    "data": [
      {
        "text": "知るかよ",
        "userDefined": false
      }
    ],
    "isTemplate": false,
    "count": 0
  },
  {
    "id": "940c0f05-ce46-49db-9d7e-317401f00e22",
    "data": [
      {
        "text": "見てねえよ",
        "userDefined": false
      }
    ],
    "isTemplate": false,
    "count": 0
  },
  {
    "id": "4f281dde-3b7d-43f2-91f1-bbcc8829b9cc",
    "data": [
      {
        "text": "ノー",
        "userDefined": false
      }
    ],
    "isTemplate": false,
    "count": 0
  },
  {
    "id": "83dc5106-62e7-4417-ab23-0a862492e4d6",
    "data": [
      {
        "text": "知らない",
        "userDefined": false
      }
    ],
    "isTemplate": false,
    "count": 0
  },
  {
    "id": "7c9748f8-e192-43f7-963f-ed99390c3778",
    "data": [
      {
        "text": "見てない",
        "userDefined": false
      }
    ],
    "isTemplate": false,
    "count": 0
  },
  {
    "id": "2111b70a-a28f-434f-93cd-03abf97792bf",
    "data": [
      {
        "text": "いいえ",
        "userDefined": false
      }
    ],
    "isTemplate": false,
    "count": 0,
    "updated": 1497437556
  },
  {
    "id": "d837d72d-fafb-42b8-8eb8-a383578fc78e",
    "data": [
      {
        "text": "興味ない",
        "userDefined": false
      }
    ],
    "isTemplate": false,
    "count": 0,
    "updated": 1497437556
  },
  {
    "id": "12e5448b-49a2-42ec-80c7-3a7a0122c8f7",
    "data": [
      {
        "text": "同意しない",
        "userDefined": false
      }
    ],
    "isTemplate": false,
    "count": 0,
    "updated": 1497437556
  },
  {
    "id": "42bd495b-f9bf-4de6-a9c7-aa5087cc86e6",
    "data": [
      {
        "text": "やめとく",
        "userDefined": false
      }
    ],
    "isTemplate": false,
    "count": 0,
    "updated": 1497437556
  },
  {
    "id": "e955d9c8-955b-454d-ad46-bd6a7b9e20a3",
    "data": [
      {
        "text": "いらない",
        "userDefined": false
      }
    ],
    "isTemplate": false,
    "count": 0,
    "updated": 1497437556
  },
  {
    "id": "84737d4f-5119-4630-a2b6-a79197a19937",
    "data": [
      {
        "text": "しないで",
        "userDefined": false
      }
    ],
    "isTemplate": false,
    "count": 1,
    "updated": 1497461737
  },
  {
    "id": "94d9c8a5-d496-48c3-ba11-0bdea908d9f0",
    "data": [
      {
        "text": "結構です",
        "userDefined": false
      }
    ],
    "isTemplate": false,
    "count": 0
  },
  {
    "id": "8a91f0da-3ddc-47a0-b717-d1a82c281cbd",
    "data": [
      {
        "text": "やりたくない",
        "userDefined": false
      }
    ],
    "isTemplate": false,
    "count": 0,
    "updated": 1497437556
  },
  {
    "id": "5a48420f-d418-4aef-997c-51caae253e48",
    "data": [
      {
        "text": "やらない",
        "userDefined": false
      }
    ],
    "isTemplate": false,
    "count": 1,
    "updated": 1497437556
  },
  {
    "id": "cebb67b3-816f-4c91-8040-8b58243006ef",
    "data": [
      {
        "text": "やだ",
        "userDefined": false
      }
    ],
    "isTemplate": false,
    "count": 1,
    "updated": 1497437556
  }
]