[
  {
    "id": "ec426c21-3e3a-4318-b0ef-b570f97933ea",
    "data": [
      {
        "text": "開発",
        "alias": "SERVICEMENU",
        "meta": "@SERVICEMENU",
        "userDefined": false
      },
      {
        "text": "で始めたいです",
        "userDefined": false
      }
    ],
    "isTemplate": false,
    "count": 0
  },
  {
    "id": "df9bc20b-b4d5-41e6-90a4-f0719f472677",
    "data": [
      {
        "text": "最初は",
        "userDefined": false
      },
      {
        "text": "開発",
        "alias": "SERVICEMENU",
        "meta": "@SERVICEMENU",
        "userDefined": false
      },
      {
        "text": "です",
        "userDefined": false
      }
    ],
    "isTemplate": false,
    "count": 0
  },
  {
    "id": "903f2619-f1d0-4dde-95d9-872f162f6316",
    "data": [
      {
        "text": "まずは",
        "userDefined": false
      },
      {
        "text": "開発",
        "alias": "SERVICEMENU",
        "meta": "@SERVICEMENU",
        "userDefined": false
      },
      {
        "text": "です",
        "userDefined": false
      }
    ],
    "isTemplate": false,
    "count": 0
  },
  {
    "id": "d5173681-27dc-474e-aecf-a56cd79a8e14",
    "data": [
      {
        "text": "とりあえず",
        "userDefined": false
      },
      {
        "text": "開発",
        "alias": "SERVICEMENU",
        "meta": "@SERVICEMENU",
        "userDefined": false
      },
      {
        "text": "です。",
        "userDefined": false
      }
    ],
    "isTemplate": false,
    "count": 0
  },
  {
    "id": "9f70f27a-3ed2-4196-ac75-ed6395b613ef",
    "data": [
      {
        "text": "開発",
        "alias": "SERVICEMENU",
        "meta": "@SERVICEMENU",
        "userDefined": false
      },
      {
        "text": "に興味があります",
        "userDefined": false
      }
    ],
    "isTemplate": false,
    "count": 0
  },
  {
    "id": "480739fd-4278-4497-a786-c944b9784220",
    "data": [
      {
        "text": "開発",
        "alias": "SERVICEMENU",
        "meta": "@SERVICEMENU",
        "userDefined": false
      },
      {
        "text": "です",
        "userDefined": false
      }
    ],
    "isTemplate": false,
    "count": 0
  },
  {
    "id": "6ff7663a-bb2b-4adc-8691-6173c38a31f9",
    "data": [
      {
        "text": "開発",
        "alias": "SERVICEMENU",
        "meta": "@SERVICEMENU",
        "userDefined": false
      }
    ],
    "isTemplate": false,
    "count": 0
  }
]