[
  {
    "id": "ef779c97-ea89-408f-82ec-bad592815863",
    "data": [
      {
        "text": "お前誰や",
        "userDefined": false
      }
    ],
    "isTemplate": false,
    "count": 0
  },
  {
    "id": "c593ad54-56ed-43b6-a543-f804e09eb013",
    "data": [
      {
        "text": "だれや",
        "userDefined": false
      },
      {
        "text": "ねん",
        "meta": "@sys.ignore",
        "userDefined": false
      }
    ],
    "isTemplate": false,
    "count": 0
  },
  {
    "id": "c32a06c9-53cd-4287-9d9c-ec3a015f9c46",
    "data": [
      {
        "text": "おまえ誰",
        "userDefined": false
      }
    ],
    "isTemplate": false,
    "count": 0
  },
  {
    "id": "8932d4f3-f3e1-4775-8858-6634ffe85011",
    "data": [
      {
        "text": "オメー誰",
        "userDefined": false
      }
    ],
    "isTemplate": false,
    "count": 0
  },
  {
    "id": "a3df43a7-7534-4484-b18c-95ddb3880e49",
    "data": [
      {
        "text": "本当の名前は",
        "userDefined": false
      }
    ],
    "isTemplate": false,
    "count": 0
  },
  {
    "id": "ec392d13-0441-4bce-acaf-b200d0f19e22",
    "data": [
      {
        "text": "あんた名前は",
        "userDefined": false
      }
    ],
    "isTemplate": false,
    "count": 0
  },
  {
    "id": "2cb8e239-cd9a-4bf5-ba66-ed85d3a526c7",
    "data": [
      {
        "text": "御担当者はどちらになりますか？",
        "userDefined": false
      }
    ],
    "isTemplate": false,
    "count": 0
  },
  {
    "id": "40c1aff5-3c60-4ea7-aa0e-70796aab2199",
    "data": [
      {
        "text": "どちら様でしょうか",
        "userDefined": false
      }
    ],
    "isTemplate": false,
    "count": 0
  },
  {
    "id": "ae892af1-a04d-48a2-854e-7add68ee5f5d",
    "data": [
      {
        "text": "あなたの御名前は？",
        "userDefined": false
      }
    ],
    "isTemplate": false,
    "count": 0
  }
]