[
  {
    "id": "32cc5405-83e8-4ff7-9ebe-5bff6e719f3c",
    "data": [
      {
        "text": "何をしている会社",
        "userDefined": false
      }
    ],
    "isTemplate": false,
    "count": 0
  },
  {
    "id": "787f866e-55c9-449d-8498-f880c2e75739",
    "data": [
      {
        "text": "ホームページを見た",
        "userDefined": false
      }
    ],
    "isTemplate": false,
    "count": 0
  },
  {
    "id": "a97d4f29-d9d8-4ec5-9a7b-0bcf48f738c2",
    "data": [
      {
        "text": "サイトを見た",
        "userDefined": false
      }
    ],
    "isTemplate": false,
    "count": 0
  },
  {
    "id": "a00fdba2-07eb-4f43-af97-8a4a1c8195b8",
    "data": [
      {
        "text": "業務内容を知りたい",
        "userDefined": false
      }
    ],
    "isTemplate": false,
    "count": 0
  },
  {
    "id": "c4a9daaf-4c6e-4d5e-820d-1cf9708bf757",
    "data": [
      {
        "text": "何をしていますか？",
        "userDefined": false
      }
    ],
    "isTemplate": false,
    "count": 0
  },
  {
    "id": "ede71591-8d92-4f70-beda-50dd51ea548c",
    "data": [
      {
        "text": "何の会社？",
        "userDefined": false
      }
    ],
    "isTemplate": false,
    "count": 0
  },
  {
    "id": "92b7fcaa-59b2-4970-aec4-c394dd7cc893",
    "data": [
      {
        "text": "どいいったサービスをしていますか？",
        "userDefined": false
      }
    ],
    "isTemplate": false,
    "count": 0
  },
  {
    "id": "2619fd7e-9303-41ba-a208-3c52e1f12ea5",
    "data": [
      {
        "text": "何をされている会社ですか？",
        "userDefined": false
      }
    ],
    "isTemplate": false,
    "count": 0
  }
]